аЏ„≈“Ў;Ќ≈ ћ;з≈ѕ
User_943;Accumanst@gmail.com;й÷≈„”Ћ
User_908;Advismowr@mail.ru;й÷≈„”Ћ
User_962;Anachso@ukr.net;л“Ѕ”ќѕƒЅ“
User_973;Antecia@inbox.ru;р≈“ЌЎ
User_902;Balliaryva@ukr.net;
User_976;Bigbytech@rambler.ru;л“Ѕ”ќѕƒЅ“
User_955;Billionon@rambler.ru;уЅќЋ‘-р≈‘≈“¬’“«
User_992;BloggerJan@yahoo;уЅќЋ‘-р≈‘≈“¬’“«
User_978;Blueterva@ya.ru;й÷≈„”Ћ
User_939;Bootrasync@ukr.net;с“ѕ”ћЅ„ћЎ
User_974;Borgueriac@ukr.net;еЋЅ‘≈“…ќ¬’“«
User_983;Boxfixiteicloud.com;у‘Ѕ„“ѕ–ѕћЎ
User_932;BraceWalker@bk.ru;л“Ѕ”ќѕ—“”Ћ
User_903;Bradleyerat@rambler.ru;р≈“ЌЎ
User_954;BullSpice@ukr.net;уЅќЋ‘-р≈‘≈“¬’“«
User_918;ByteTale@gmail.com;чѕ“ѕќ≈÷
User_906;CapoGrand@rambler.ru;б“ЏЅќ«≈ћ‘”Ћ
User_941;Cavotin@bk.ru;л“Ѕ”ќѕ—“”Ћ
User_917;Chapterpl@yahoo.com;нѕ”Ћ„Ѕ
User_947;Chicapplin@gmail.com;чѕ“ѕќ≈÷
User_919;Chikkaverle@icloud.com;иЅ¬Ѕ“ѕ„”Ћ
User_1000;Cincomphite@mail.ru;фјЌ≈ќЎ
User_998;Decitere@mail.ru;лЅЏЅќЎ
User_949;DirtyChiri@ya.ru;л“Ѕ”ќѕ—“”Ћ
User_946;Ever2free@inbox.ru;уЅќЋ‘-р≈‘≈“¬’“«
User_938;Exploator@ukr.net;с“ѕ”ћЅ„ћЎ
User_934;EyesRae@inbox.ru;б“ЏЅќ«≈ћ‘”Ћ
User_916;Fainvenu@icloud.com;с“ѕ”ћЅ„ћЎ
User_989;FestiveAway@inbox.ru;уЅќЋ‘-р≈‘≈“¬’“«
User_935;Foreveracis@rambler.ru;иЅ¬Ѕ“ѕ„”Ћ
User_966;ForlifeLatest@yahoo.com;й÷≈„”Ћ
User_928;FraserBlue@mail.ru;иЅ¬Ѕ“ѕ„”Ћ
User_985;Freenson@inbox.ru;л“Ѕ”ќѕƒЅ“
User_960;GazetteWas@yandex.ru;
User_950;GlitzDas@yahoo.com;уЅќЋ‘-р≈‘≈“¬’“«
User_910;Gloxixir@ya.ru;нѕ”Ћ„Ѕ
User_977;Goriness@rambler.ru;р≈“ЌЎ
User_961;Granilabe@inbox.ru;б“ЏЅќ«≈ћ‘”Ћ
User_967;Grundymeat@ya.ru;л“Ѕ”ќѕƒЅ“
User_972;Haystenvi@yandex.ru;уЅќЋ‘-р≈‘≈“¬’“«
User_957;Hetstact@yandex.ru;с“ѕ”ћЅ„ћЎ
User_993;Hostener@gmail.com;л“Ѕ”ќѕƒЅ“
User_991;;еЋЅ‘≈“…ќ¬’“«
User_911;Infernody@ya.ru;с“ѕ”ћЅ„ћЎ
User_931;Inserex@inbox.ru;чѕ“ѕќ≈÷
User_980;Jectiolo@gmail.com;б“ЏЅќ«≈ћ‘”Ћ
User_952;JimGlitz@ya.ru;л“Ѕ”ќѕƒЅ“
User_990;Kalismed@bk.ru;лЅЏЅќЎ
User_912;Kenjinxte@rambler.ru;чѕ“ѕќ≈÷
User_913;Kinkenbo@mail.ru;чѕ“ѕќ≈÷
User_984;Kittysineos@rambler.ru;уЅќЋ‘-р≈‘≈“¬’“«
User_969;Knightstra@icloud.com;л“Ѕ”ќѕ—“”Ћ
User_904;Kryptoburs@yahoo.com;с“ѕ”ћЅ„ћЎ
User_953;Lassour@ukr.net;л“Ѕ”ќѕƒЅ“
User_995;Latinarysa@rambler.ru;с“ѕ”ћЅ„ћЎ
User_951;Lessomaire@rambler.ru;у‘Ѕ„“ѕ–ѕћЎ
User_900;Lipsxiptp@yahoo.com;уЅќЋ‘-р≈‘≈“¬’“«
User_930;Loqutio@yandex.ru;б“ЏЅќ«≈ћ‘”Ћ
User_922;Lyfernozoi@inbox.ru;иЅ¬Ѕ“ѕ„”Ћ
User_926;Magazineli@ya.ru;
User_982;Magazinetc@yahoo.com;у‘Ѕ„“ѕ–ѕћЎ
User_942;Mailitry@ya.ru;нѕ”Ћ„Ѕ
User_958;Manionoe@ukr.net;с“ѕ”ћЅ„ћЎ
User_975;MediaLead@rambler.ru;р≈“ЌЎ
User_933;MoPoet@yahoo.com;л“Ѕ”ќѕƒЅ“
User_987;Muchiple@yahoo.com;нѕ”Ћ„Ѕ
User_920;NumClear@bk.ru;уЅќЋ‘-р≈‘≈“¬’“«
User_964;NumTrendy@mail.ru;с“ѕ”ћЅ„ћЎ
User_937;Paleoso@ukr.net;б“ЏЅќ«≈ћ‘”Ћ
User_927;Paviatery@ukr.net;лЅЏЅќЎ
User_936;Peytzke@mail.ru;лЅЏЅќЎ
User_905;Pinkelysi@ya.ru;нѕ”Ћ„Ѕ
User_986;PleasantKeeper@ukr.net;л“Ѕ”ќѕ—“”Ћ
User_915;PongCute@mail.ru;б“ЏЅќ«≈ћ‘”Ћ
User_997;Prestigenp@inbox.ru;с“ѕ”ћЅ„ћЎ
User_971;PricelessJuz@rambler.ru;лЅЏЅќЎ
User_909;Prinesbr@bk.ru;иЅ¬Ѕ“ѕ„”Ћ
User_963;RosesTight@gmail.com;еЋЅ‘≈“…ќ¬’“«
User_948;Roycess@rambler.ru;иЅ¬Ѕ“ѕ„”Ћ
User_914;Sandpoist@gmail.com;чѕ“ѕќ≈÷
User_968;Schwire@bk.ru;еЋЅ‘≈“…ќ¬’“«
User_944;Seenomvura@yahoo.com;еЋЅ‘≈“…ќ¬’“«
User_924;ShardDivision@icloud.com;чѕ“ѕќ≈÷
User_925;Sianscot@yandex.ru;фјЌ≈ќЎ
User_940;Somberyant@mail.ru;р≈“ЌЎ
User_988;SpyderSpin@bk.ru;б“ЏЅќ«≈ћ‘”Ћ
User_999;Stacile@yahoo.com;лЅЏЅќЎ
User_981;Stargalux@gmail.com;б“ЏЅќ«≈ћ‘”Ћ
User_923;Styledget@rambler.ru;р≈“ЌЎ
User_945;Sumollerno@inbox.ru;фјЌ≈ќЎ
User_979;SupremeSynchro@rambler.ru;иЅ¬Ѕ“ѕ„”Ћ
User_994;Therick@yahoo.com;еЋЅ‘≈“…ќ¬’“«
User_929;Topictition@rambler.ru;й÷≈„”Ћ
User_907;Transky@yandex.ru;л“Ѕ”ќѕ—“”Ћ
User_996;Trantawe@yandex.ru;л“Ѕ”ќѕƒЅ“
User_959;UpdatesCurious@yahoo.com;фјЌ≈ќЎ
User_901;V2artierso@mail.ru;б“ЏЅќ«≈ћ‘”Ћ
User_970;Vashoterlo@bk.ru;чѕ“ѕќ≈÷
User_965;Visuareda@yahoo.com;чѕ“ѕќ≈÷
User_921;Aavast@ya.ru;й÷≈„”Ћ